name,profile_pic,email
Tom,https://example.com/profile_pics/orjxeplllr.jpg,tom@outlook.com
Emma,https://example.com/profile_pics/aduhunyqts.jpg,emma@outlook.com
John,https://example.com/profile_pics/eilxtvoisy.jpg,john@hotmail.com
Alice,https://example.com/profile_pics/niunbdlefr.jpg,alice@outlook.com
Tom,https://example.com/profile_pics/tmpkleqhxp.jpg,tom@yahoo.com
Bob,https://example.com/profile_pics/vzgbhbbbwo.jpg,bob@yahoo.com
Olivia,https://example.com/profile_pics/xhsfeowlek.jpg,olivia@example.com
Michael,https://example.com/profile_pics/zanrmvxtso.jpg,michael@outlook.com
Bob,https://example.com/profile_pics/zsscfxkgqd.jpg,bob@hotmail.com
David,https://example.com/profile_pics/cjqrtdakeo.jpg,david@outlook.com
John,https://example.com/profile_pics/jyvqpjaveu.jpg,john@gmail.com
Sophia,https://example.com/profile_pics/qcnnhncqdg.jpg,sophia@gmail.com
Tom,https://example.com/profile_pics/rmgclgaoxg.jpg,tom@hotmail.com
Bob,https://example.com/profile_pics/bubfjroggi.jpg,bob@hotmail.com
Emma,https://example.com/profile_pics/rfnsbisajy.jpg,emma@example.com
John,https://example.com/profile_pics/uqmyqqqcxy.jpg,john@outlook.com
John,https://example.com/profile_pics/smaugxcvuj.jpg,john@yahoo.com
Olivia,https://example.com/profile_pics/ifkdyyafyg.jpg,olivia@example.com
John,https://example.com/profile_pics/haqzlcwyja.jpg,john@example.com
Sophia,https://example.com/profile_pics/hamqnhxxrc.jpg,sophia@outlook.com
Tom,https://example.com/profile_pics/ddrgknelbz.jpg,tom@gmail.com
Bob,https://example.com/profile_pics/uhoycwguia.jpg,bob@yahoo.com
Tom,https://example.com/profile_pics/tbqdoutqbh.jpg,tom@outlook.com
Olivia,https://example.com/profile_pics/jktabdwnok.jpg,olivia@hotmail.com
David,https://example.com/profile_pics/xfqebpatuj.jpg,david@gmail.com
Bob,https://example.com/profile_pics/oenqsqcpqx.jpg,bob@yahoo.com
Tom,https://example.com/profile_pics/nnpucalzvo.jpg,tom@yahoo.com
Alice,https://example.com/profile_pics/fkmuhpoutz.jpg,alice@hotmail.com
Michael,https://example.com/profile_pics/kzufzobfre.jpg,michael@gmail.com
Jane,https://example.com/profile_pics/bwdiywfjue.jpg,jane@outlook.com
Jane,https://example.com/profile_pics/cwjfzfjajp.jpg,jane@outlook.com
Sophia,https://example.com/profile_pics/vnfuoadrgb.jpg,sophia@hotmail.com
Olivia,https://example.com/profile_pics/oelyowgrcq.jpg,olivia@gmail.com
Olivia,https://example.com/profile_pics/wjpjlqjdcj.jpg,olivia@example.com
Alice,https://example.com/profile_pics/kxbdvpieee.jpg,alice@gmail.com
Sophia,https://example.com/profile_pics/qojxzxyvyl.jpg,sophia@yahoo.com
Olivia,https://example.com/profile_pics/qegvgnboax.jpg,olivia@example.com
Jane,https://example.com/profile_pics/rtvdrhqmsb.jpg,jane@hotmail.com
Sophia,https://example.com/profile_pics/tavfutgtjz.jpg,sophia@yahoo.com
Olivia,https://example.com/profile_pics/kntqtjmwtq.jpg,olivia@hotmail.com
David,https://example.com/profile_pics/edlikuxnki.jpg,david@example.com
Michael,https://example.com/profile_pics/nflblsidkj.jpg,michael@example.com
Bob,https://example.com/profile_pics/ccziyauobd.jpg,bob@hotmail.com
Sophia,https://example.com/profile_pics/kezjztvacq.jpg,sophia@hotmail.com
Tom,https://example.com/profile_pics/kuitntlowf.jpg,tom@hotmail.com
David,https://example.com/profile_pics/fasgorcpyx.jpg,david@outlook.com
Emma,https://example.com/profile_pics/xsppaibdce.jpg,emma@hotmail.com
Tom,https://example.com/profile_pics/uonxcvwjko.jpg,tom@hotmail.com
Olivia,https://example.com/profile_pics/cvtkgmvspe.jpg,olivia@hotmail.com
Bob,https://example.com/profile_pics/zwwzelgczo.jpg,bob@gmail.com
Michael,https://example.com/profile_pics/yobhiwkmnv.jpg,michael@gmail.com
Jane,https://example.com/profile_pics/ihdmjhjcgg.jpg,jane@outlook.com
David,https://example.com/profile_pics/asbaxwjsiz.jpg,david@yahoo.com
David,https://example.com/profile_pics/pxzlqukbhf.jpg,david@gmail.com
Bob,https://example.com/profile_pics/dotxtiemyw.jpg,bob@hotmail.com
Bob,https://example.com/profile_pics/xlrjphqmeo.jpg,bob@outlook.com
John,https://example.com/profile_pics/bddyylclhy.jpg,john@example.com
Olivia,https://example.com/profile_pics/hpxqjxwrnv.jpg,olivia@gmail.com
Sophia,https://example.com/profile_pics/xpegdnjqxe.jpg,sophia@example.com
Emma,https://example.com/profile_pics/uinpxxuruf.jpg,emma@example.com
John,https://example.com/profile_pics/vxzmhxkxtk.jpg,john@hotmail.com
David,https://example.com/profile_pics/ghvepobses.jpg,david@yahoo.com
Tom,https://example.com/profile_pics/wcuemhaydw.jpg,tom@yahoo.com
Jane,https://example.com/profile_pics/fjasosjdkz.jpg,jane@gmail.com
Bob,https://example.com/profile_pics/haltbwtouj.jpg,bob@gmail.com
Bob,https://example.com/profile_pics/wcmnuyiyoz.jpg,bob@hotmail.com
Jane,https://example.com/profile_pics/vcpyuipupf.jpg,jane@yahoo.com
Michael,https://example.com/profile_pics/eexznzpcyo.jpg,michael@yahoo.com
Alice,https://example.com/profile_pics/yaasjkhfku.jpg,alice@example.com
Michael,https://example.com/profile_pics/sctnnwjaxu.jpg,michael@outlook.com
Michael,https://example.com/profile_pics/pxhusyhgwg.jpg,michael@hotmail.com
John,https://example.com/profile_pics/tzqlugpcgi.jpg,john@hotmail.com
Jane,https://example.com/profile_pics/wvauqpzzce.jpg,jane@gmail.com
Alice,https://example.com/profile_pics/inzvcdmyqd.jpg,alice@example.com
John,https://example.com/profile_pics/fkkwsklwpi.jpg,john@outlook.com
Tom,https://example.com/profile_pics/tcwvbjcjsw.jpg,tom@example.com
Bob,https://example.com/profile_pics/rztmctqfzw.jpg,bob@yahoo.com
Emma,https://example.com/profile_pics/pobqvfxuwu.jpg,emma@hotmail.com
Michael,https://example.com/profile_pics/danhxoviop.jpg,michael@gmail.com
Bob,https://example.com/profile_pics/stnukqecpn.jpg,bob@hotmail.com
Emma,https://example.com/profile_pics/syhbmlwupd.jpg,emma@outlook.com
Bob,https://example.com/profile_pics/glxityplph.jpg,bob@outlook.com
Tom,https://example.com/profile_pics/pznehuobgi.jpg,tom@hotmail.com
Bob,https://example.com/profile_pics/bftexujqmh.jpg,bob@example.com
David,https://example.com/profile_pics/owwfgplisc.jpg,david@gmail.com
Michael,https://example.com/profile_pics/vbqjlkwdcg.jpg,michael@yahoo.com
Bob,https://example.com/profile_pics/iqmvftvbbo.jpg,bob@hotmail.com
Emma,https://example.com/profile_pics/hsuninckyy.jpg,emma@outlook.com
David,https://example.com/profile_pics/lgjjcemrol.jpg,david@yahoo.com
Olivia,https://example.com/profile_pics/qppzdevepx.jpg,olivia@yahoo.com
David,https://example.com/profile_pics/wadwdqeatg.jpg,david@gmail.com
Jane,https://example.com/profile_pics/wxrsmturtr.jpg,jane@example.com
Sophia,https://example.com/profile_pics/zovgdxxioq.jpg,sophia@outlook.com
Emma,https://example.com/profile_pics/ezqmkezsgb.jpg,emma@example.com
Olivia,https://example.com/profile_pics/lbpvrvkthc.jpg,olivia@yahoo.com
John,https://example.com/profile_pics/qbpmeuwldt.jpg,john@outlook.com
Bob,https://example.com/profile_pics/jbjlyxrnbx.jpg,bob@outlook.com
Tom,https://example.com/profile_pics/zrzxaknbys.jpg,tom@yahoo.com
Emma,https://example.com/profile_pics/onqbaukran.jpg,emma@yahoo.com
Michael,https://example.com/profile_pics/mrpnaaifbv.jpg,michael@outlook.com
